0,0,0,0,0,NaN,NaN
5.002851,8,40,0,20,0.00,20.00
10.00762,27,40,0,20,0.00,67.50
14.1237,50,50,0,21,0.00,100.00
