0,0,0,0,0,NaN,NaN
5.004986,8,40,0,20,0.00,20.00
10.01023,28,40,0,20,0.00,70.00
15.01511,45,50,0,21,0.00,90.00
18.6178,50,50,0,21,0.00,100.00
